Symbol,Annual_Op_Income,Annual_Depreciation,Quarterly_Op_Income,Quarterly_Depreciation,Complete_Data,Error,Primary_Index,All_Indices
A,4,12,8,16,True,,SP500_TOP30,SP500_TOP30
AAPL,4,12,8,16,True,,SP500_TOP30,"SP500_TOP30,NASDAQ100_TOP30,DOW"
ABBV,8,4,15,8,True,,SP500_TOP30,SP500_TOP30
ABT,4,4,8,8,True,,SP500_TOP30,SP500_TOP30
ACN,4,14,8,16,True,,SP500_TOP30,SP500_TOP30
ADBE,4,12,8,16,True,,SP500_TOP30,SP500_TOP30
ADI,4,4,8,8,True,,SP500_TOP30,"SP500_TOP30,NASDAQ100_TOP30"
ADP,0,12,0,16,False,,SP500_TOP30,"SP500_TOP30,NASDAQ100_TOP30"
ADSK,4,12,8,16,True,,SP500_TOP30,SP500_TOP30
ALGN,4,12,8,16,True,,SP500_TOP30,SP500_TOP30
AMAT,4,12,8,16,True,,SP500_TOP30,"SP500_TOP30,NASDAQ100_TOP30"
AMD,4,8,8,9,True,,SP500_TOP30,"SP500_TOP30,NASDAQ100_TOP30"
AMGN,4,12,8,16,True,,SP500_TOP30,"SP500_TOP30,NASDAQ100_TOP30,DOW"
AMT,5,8,9,12,True,,SP500_TOP30,SP500_TOP30
AMZN,8,12,16,19,True,,SP500_TOP30,"SP500_TOP30,NASDAQ100_TOP30"
ANSS,0,0,0,0,False,No facts available,SP500_TOP30,SP500_TOP30
AON,4,4,8,8,True,,SP500_TOP30,SP500_TOP30
APD,4,12,8,16,True,,SP500_TOP30,SP500_TOP30
APH,4,12,8,16,True,,SP500_TOP30,SP500_TOP30
AVGO,4,4,8,8,True,,SP500_TOP30,"SP500_TOP30,NASDAQ100_TOP30"
AXP,0,4,0,8,False,,SP500_TOP30,"SP500_TOP30,DOW"
BA,4,8,8,16,True,,DOW,DOW
BAC,0,8,0,16,False,,SP500_TOP30,SP500_TOP30
BIIB,1,12,8,24,False,,SP500_TOP30,SP500_TOP30
BKNG,6,12,8,16,True,,SP500_TOP30,"SP500_TOP30,NASDAQ100_TOP30"
BLK,2,6,7,7,True,,SP500_TOP30,SP500_TOP30
BRK.B,0,10,0,18,False,,SP500_TOP30,SP500_TOP30
BSX,8,12,16,24,True,,SP500_TOP30,SP500_TOP30
C,0,4,0,8,False,,SP500_TOP30,SP500_TOP30
CAT,8,12,16,16,True,,SP500_TOP30,"SP500_TOP30,DOW"
CDNS,4,12,8,16,True,,SP500_TOP30,"SP500_TOP30,NASDAQ100_TOP30"
CDW,4,16,8,24,True,,SP500_TOP30,SP500_TOP30
CL,8,8,16,16,True,,SP500_TOP30,SP500_TOP30
CMCSA,4,12,8,24,True,,SP500_TOP30,"SP500_TOP30,NASDAQ100_TOP30"
CME,4,8,8,8,True,,SP500_TOP30,SP500_TOP30
COST,4,8,8,16,True,,SP500_TOP30,"SP500_TOP30,NASDAQ100_TOP30"
CRM,4,8,8,16,True,,SP500_TOP30,"SP500_TOP30,DOW"
CSCO,4,8,8,0,True,,SP500_TOP30,"SP500_TOP30,DOW"
CTAS,4,12,8,12,True,,SP500_TOP30,SP500_TOP30
CTSH,4,8,8,16,True,,SP500_TOP30,SP500_TOP30
CVX,0,8,0,16,False,,SP500_TOP30,"SP500_TOP30,DOW"
DE,3,8,2,16,True,,SP500_TOP30,SP500_TOP30
DECK,4,6,8,8,True,,SP500_TOP30,SP500_TOP30
DHR,4,10,8,8,True,,SP500_TOP30,SP500_TOP30
DIS,4,12,8,16,True,,DOW,DOW
DOW,0,12,0,24,False,,DOW,DOW
DUK,4,8,8,16,True,,SP500_TOP30,SP500_TOP30
DXCM,4,12,10,16,True,,SP500_TOP30,SP500_TOP30
EA,4,8,8,16,True,,SP500_TOP30,SP500_TOP30
ELV,4,11,8,12,True,,SP500_TOP30,SP500_TOP30
EMR,0,12,0,24,False,,SP500_TOP30,SP500_TOP30
ENPH,4,12,11,16,True,,SP500_TOP30,SP500_TOP30
EOG,8,8,7,16,True,,SP500_TOP30,SP500_TOP30
EPAM,4,16,8,24,True,,SP500_TOP30,SP500_TOP30
EQIX,4,16,8,30,True,,SP500_TOP30,SP500_TOP30
EW,5,12,12,16,True,,SP500_TOP30,SP500_TOP30
EXC,4,12,8,16,True,,SP500_TOP30,SP500_TOP30
FANG,4,8,8,16,True,,SP500_TOP30,SP500_TOP30
FAST,4,6,8,8,True,,SP500_TOP30,SP500_TOP30
FCX,4,8,4,16,True,,SP500_TOP30,SP500_TOP30
FI,0,0,0,0,False,No facts available,SP500_TOP30,SP500_TOP30
FTNT,4,12,8,24,True,,SP500_TOP30,SP500_TOP30
GILD,4,4,8,8,True,,SP500_TOP30,"SP500_TOP30,NASDAQ100_TOP30"
GM,4,8,8,24,True,,SP500_TOP30,SP500_TOP30
GOOGL,4,2,8,6,True,,SP500_TOP30,"SP500_TOP30,NASDAQ100_TOP30"
GS,0,8,0,16,False,,SP500_TOP30,"SP500_TOP30,DOW"
HD,4,12,8,16,True,,SP500_TOP30,"SP500_TOP30,DOW"
HON,1,10,8,14,False,,SP500_TOP30,"SP500_TOP30,NASDAQ100_TOP30,DOW"
IBM,0,4,0,8,False,,SP500_TOP30,"SP500_TOP30,DOW"
ICE,4,12,8,16,True,,SP500_TOP30,SP500_TOP30
IDXX,4,12,8,16,True,,SP500_TOP30,SP500_TOP30
IEX,4,9,8,18,True,,SP500_TOP30,SP500_TOP30
INTC,4,4,8,8,True,,DOW,DOW
INTU,4,4,8,8,True,,SP500_TOP30,"SP500_TOP30,NASDAQ100_TOP30"
ISRG,4,4,8,0,True,,NASDAQ100_TOP30,NASDAQ100_TOP30
ITW,4,4,8,8,True,,SP500_TOP30,SP500_TOP30
JBHT,4,8,8,16,True,,SP500_TOP30,SP500_TOP30
JNJ,0,8,0,16,False,,SP500_TOP30,"SP500_TOP30,DOW"
JPM,0,4,0,8,False,,SP500_TOP30,"SP500_TOP30,DOW"
KEYS,8,4,16,8,True,,SP500_TOP30,SP500_TOP30
KLAC,0,12,0,16,False,,SP500_TOP30,"SP500_TOP30,NASDAQ100_TOP30"
KMB,8,9,16,16,True,,SP500_TOP30,SP500_TOP30
KO,4,12,8,14,True,,SP500_TOP30,"SP500_TOP30,DOW"
KR,4,8,8,16,True,,SP500_TOP30,SP500_TOP30
LIN,8,12,16,16,True,,SP500_TOP30,SP500_TOP30
LLY,0,12,0,16,False,,SP500_TOP30,SP500_TOP30
LOW,4,12,8,16,True,,SP500_TOP30,SP500_TOP30
LRCX,4,12,8,16,True,,SP500_TOP30,"SP500_TOP30,NASDAQ100_TOP30"
LULU,4,12,8,16,True,,SP500_TOP30,SP500_TOP30
MA,4,12,8,24,True,,SP500_TOP30,SP500_TOP30
MAR,4,4,8,0,True,,SP500_TOP30,SP500_TOP30
MCD,8,12,16,16,True,,DOW,DOW
MCHP,4,12,8,24,True,,SP500_TOP30,SP500_TOP30
MDT,8,12,16,18,True,,SP500_TOP30,SP500_TOP30
META,4,12,8,24,True,,SP500_TOP30,"SP500_TOP30,NASDAQ100_TOP30"
MMC,4,12,8,14,True,,SP500_TOP30,SP500_TOP30
MMM,4,8,8,16,True,,DOW,DOW
MNST,4,12,8,24,True,,SP500_TOP30,SP500_TOP30
MPWR,4,12,8,16,True,,SP500_TOP30,SP500_TOP30
MRK,0,4,0,8,False,,SP500_TOP30,"SP500_TOP30,DOW"
MSFT,4,4,8,1,True,,SP500_TOP30,"SP500_TOP30,NASDAQ100_TOP30,DOW"
MSI,8,12,16,24,True,,SP500_TOP30,SP500_TOP30
MU,8,12,16,16,True,,SP500_TOP30,SP500_TOP30
NDSN,4,10,8,24,True,,SP500_TOP30,SP500_TOP30
NEE,4,8,8,16,True,,SP500_TOP30,SP500_TOP30
NFLX,4,8,8,16,True,,SP500_TOP30,"SP500_TOP30,NASDAQ100_TOP30"
NKE,0,5,0,10,False,,DOW,DOW
NOW,4,12,8,24,True,,SP500_TOP30,SP500_TOP30
NTAP,4,8,8,16,True,,SP500_TOP30,SP500_TOP30
NVDA,4,12,8,16,True,,SP500_TOP30,"SP500_TOP30,NASDAQ100_TOP30"
NXPI,8,12,16,24,True,,SP500_TOP30,SP500_TOP30
ODFL,4,12,8,16,True,,SP500_TOP30,SP500_TOP30
ON,4,12,8,16,True,,SP500_TOP30,SP500_TOP30
ORCL,4,4,8,8,True,,SP500_TOP30,SP500_TOP30
ORLY,4,8,8,16,True,,SP500_TOP30,"SP500_TOP30,NASDAQ100_TOP30"
PANW,4,12,8,16,True,,SP500_TOP30,"SP500_TOP30,NASDAQ100_TOP30"
PAYX,4,12,8,24,True,,SP500_TOP30,SP500_TOP30
PCAR,0,8,0,16,False,,SP500_TOP30,SP500_TOP30
PEP,4,12,8,16,True,,SP500_TOP30,SP500_TOP30
PFE,0,8,0,16,False,,SP500_TOP30,SP500_TOP30
PG,4,8,8,16,True,,SP500_TOP30,"SP500_TOP30,DOW"
PLD,4,8,8,16,True,,SP500_TOP30,SP500_TOP30
PM,4,9,8,6,True,,SP500_TOP30,SP500_TOP30
POOL,4,4,8,7,True,,SP500_TOP30,SP500_TOP30
PSA,0,12,0,24,False,,SP500_TOP30,SP500_TOP30
QCOM,8,12,16,16,True,,SP500_TOP30,"SP500_TOP30,NASDAQ100_TOP30"
ROP,4,12,8,8,True,,SP500_TOP30,SP500_TOP30
ROST,1,8,3,16,False,,SP500_TOP30,SP500_TOP30
RTX,4,16,10,8,True,,SP500_TOP30,SP500_TOP30
SCHW,0,6,0,0,False,,SP500_TOP30,SP500_TOP30
SHW,7,4,13,8,True,,SP500_TOP30,"SP500_TOP30,DOW"
SLB,3,12,3,24,True,,SP500_TOP30,SP500_TOP30
SMCI,4,8,8,16,True,,SP500_TOP30,SP500_TOP30
SNPS,8,14,8,21,True,,SP500_TOP30,"SP500_TOP30,NASDAQ100_TOP30"
SO,4,4,8,8,True,,SP500_TOP30,SP500_TOP30
SPGI,4,12,8,8,True,,SP500_TOP30,SP500_TOP30
SWKS,4,5,8,8,True,,SP500_TOP30,SP500_TOP30
SYK,4,12,8,14,True,,SP500_TOP30,SP500_TOP30
T,4,12,8,16,True,,SP500_TOP30,SP500_TOP30
TGT,4,12,8,16,True,,SP500_TOP30,SP500_TOP30
TJX,0,12,0,24,False,,SP500_TOP30,SP500_TOP30
TMO,4,4,8,8,True,,SP500_TOP30,SP500_TOP30
TMUS,4,12,8,17,True,,SP500_TOP30,SP500_TOP30
TRV,0,8,0,16,False,,DOW,DOW
TSLA,4,4,8,8,True,,SP500_TOP30,"SP500_TOP30,NASDAQ100_TOP30"
TXN,4,4,8,8,True,,SP500_TOP30,"SP500_TOP30,NASDAQ100_TOP30"
UBER,4,12,8,16,True,,SP500_TOP30,SP500_TOP30
UNH,4,12,8,16,True,,SP500_TOP30,"SP500_TOP30,DOW"
V,4,8,8,16,True,,SP500_TOP30,"SP500_TOP30,DOW"
VICI,0,4,0,8,False,,SP500_TOP30,SP500_TOP30
VRSK,8,8,10,16,True,,SP500_TOP30,SP500_TOP30
VRTX,4,12,8,16,True,,SP500_TOP30,"SP500_TOP30,NASDAQ100_TOP30"
VZ,4,12,8,16,True,,SP500_TOP30,"SP500_TOP30,DOW"
WM,4,8,8,16,True,,SP500_TOP30,SP500_TOP30
WMT,4,4,8,8,True,,SP500_TOP30,"SP500_TOP30,DOW"
XEL,4,4,8,8,True,,SP500_TOP30,SP500_TOP30
XOM,0,8,0,16,False,,SP500_TOP30,SP500_TOP30
ZBRA,4,12,8,16,True,,SP500_TOP30,SP500_TOP30
ZTS,0,12,0,16,False,,SP500_TOP30,SP500_TOP30
